Gene_id,baseMean,log2FoldChange,lfcSE,stat,pvalue,padj,gene
b1309,12.13108416407366,1.9902793151053162,0.6081058521199326,3.2729159046356076,0.001064441423021253,0.0035750969689872314,ycjM
b0033,4730.56705961056,1.9727930814194532,0.4942290353717996,3.9916575923860007,6.561306365302035e-05,0.0003058223409042706,carB
b1296,976.6090516156686,1.9720877548652587,0.5499241660912128,3.586108551807414,0.00033564928467717396,0.0012883792803994978,puuP
b4536,215.75843617454066,1.966160446739529,0.1935111285934281,10.160451551447892,2.9769448413615128e-24,2.0062656135798652e-22,yobH
b2699,12923.5389378723,1.9614538210744596,0.18802936577700782,10.43163557441678,1.7780105710293898e-25,1.3052502602681825e-23,recA
b3710,112.54160936604148,1.9603967920705296,0.31887272713652876,6.147897343478876,7.851682086308441e-10,9.500131706539438e-09,mdtL
b0628,3709.993130574428,1.946307646052528,0.15824977065225074,12.29896029568019,9.174747855216366e-35,1.63988645359976e-32,lipA
b0736,417.22496268258084,1.9202363477682969,0.2026258122184326,9.476760767765676,2.6229906300716737e-21,1.283704104788649e-19,ybgC
b2066,309.6684565156481,1.9117324886293368,0.24717540852534534,7.734315076223726,1.0396127222140816e-14,2.414603333910785e-13,udk
b0989,6.600649552505737,1.911584578357894,0.7750324590427405,2.4664574445293987,0.01364569419384039,0.03269082099701506,cspH
b3974,349.1441345712883,1.9113111898975743,0.28465304952387804,6.714529119201459,1.886744989678959e-11,2.900048209294606e-10,coaA
b3821,361.1044564928568,1.9015144247212892,0.17614480506352193,10.795177433904785,3.627611453518282e-27,3.3893433375940132e-25,pldA
b1627,155.21235786154492,1.897842579787852,0.2957203097087388,6.417694414215505,1.3835361841830032e-10,1.8896070608559224e-09,rsxA
b2685,349.94959308626136,1.896225596629763,0.25310852882894164,7.491749114117326,6.79617409789474e-14,1.4110642281032968e-12,emrA
b2887,57.95463691845808,1.8934888274322061,0.48306206265063517,3.919763057033178,8.863606783529189e-05,0.0003986683532504212,ygfT
b1297,1569.873975844077,1.892864985225709,0.536049689589353,3.531137172518018,0.0004137771039776562,0.0015563016234694826,puuA
b1055,502.0229738554513,1.8854336160213505,0.20999331460930035,8.978541147984942,2.743805148878464e-19,1.0254348151853968e-17,trhO
b0991,11.362389322810564,1.884244651373184,0.5810599285803125,3.2427716293858126,0.0011837305149120518,0.003922238628204419,ymcE
b1307,66.16229797906207,1.8833808078784962,0.2984359941997031,6.310836643311203,2.7753101645276965e-10,3.6685852367760002e-09,pspD
b3238,193.7481195007232,1.8787222438687692,0.359628410568829,5.224065142398426,1.7503715548791082e-07,1.3680185289178732e-06,yhcN
b3260,2751.1332299681144,1.8781990921766485,0.19875275749424154,9.44992721537997,3.3906638854628796e-21,1.6021861187514826e-19,dusB
b3262,19.344713169491587,1.8715112775868834,0.643910380293839,2.9064778808703893,0.0036552274047134104,0.010420693384727344,yhdJ
b1459,17.58064029138638,1.8665360451776352,0.5334633595726112,3.4989020551908703,0.0004671781592899053,0.0017318028970611367,yncI
b4050,101.71661514968093,1.8619741578787605,0.37325017239652647,4.988541990278498,6.083668930046409e-07,4.253395063166801e-06,pspG
b0685,134.06165835506775,1.8609576273893547,0.303961545254592,6.1223455941792055,9.220775622831538e-10,1.0904626065559687e-08,ybfE
b1531,117.79087979825017,1.852171016620639,0.2744390246011585,6.7489345559087095,1.4893474298598635e-11,2.336911177157977e-10,marA
b2866,352.411321089861,1.8503960317230688,0.43691206245887276,4.235168105246006,2.2838079011760063e-05,0.00011824602369942772,xdhA
b4670,11.973522324439228,1.845516236835788,0.6095599212970565,3.027620702012024,0.0024648725484240864,0.007396416822314904,yjeV
b1281,354.80499128205156,1.838220264824153,0.25474365006580174,7.2159610822461335,5.355437317124642e-13,1.0240094330557864e-11,pyrF
b0234,15.14408941762011,1.8272805474131046,0.5909904893335356,3.091895014205292,0.0019888317463592708,0.006138203685647869,yafP
b4638,38.483747224912136,1.8249526008516013,0.3845908415025869,4.74517956205498,2.0832145375538574e-06,1.305502281079864e-05,ttcC
b2456,14.41997700763313,1.813579206702447,0.5978879348991213,3.033309590046241,0.002418873060438646,0.007275766332060369,eutN
b2574,159.00470403934258,1.8070123614115332,0.26814428763157117,6.738955274312458,1.595294944477549e-11,2.493634036786009e-10,nadB
b0104,703.7333370272814,1.8051454606679675,0.18395696429660108,9.812868284548664,9.911055947406546e-23,5.432580133305108e-21,guaC
b4308,7.151578832174988,1.8044423031634709,0.7517684046403006,2.400263554607412,0.016383271218574958,0.03846466475132019,yjhR
b1959,198.83349474089002,1.8003826280191015,0.26198943733161345,6.871966466878071,6.332284220551359e-12,1.0496782431728483e-10,yedA
b1061,176.10616111278134,1.7935750171038114,0.22988543036122067,7.802038668938495,6.091497386531548e-15,1.4559387067459998e-13,dinI
b2522,754.5043937487291,1.7891959771920884,0.46932867316775406,3.812245190808039,0.00013771016675634466,0.0005897150995159717,sseB
b1020,1716.3977784428428,1.7870649404945531,0.5214079443301254,3.427383414325361,0.0006094279286023067,0.0021880857768419937,phoH
b0958,1245.6748803187058,1.782933181120224,0.18915133051060562,9.425961616591726,4.261822799158581e-21,1.9467059474823252e-19,sulA
b1320,71.49833512812893,1.7587701620214193,0.27453718867072857,6.406309362083669,1.4908431305083508e-10,2.0227247886204057e-09,ycjW
b0593,172.57472230235382,1.7515100718483034,0.4272100239512376,4.099880559095269,4.133634203309236e-05,0.00020206147692989617,entC
b1550,117.54841285062611,1.7501454333752189,0.24798386711922843,7.057497141673997,1.695282517912415e-12,3.056713346990324e-11,gnsB
b2171,300.76569002502066,1.749442611437545,0.22983641100270236,7.6116860849213985,2.7054302000622355e-14,5.947606177783878e-13,yeiP
b1109,3160.0138270966127,1.7460739404497891,0.3087704702492204,5.654925288161353,1.5591407802927215e-08,1.483710126801708e-07,ndh
b1021,9.214384430198862,1.7390193529178575,0.64632127184123,2.6906422992450274,0.0071314613849700476,0.01870927744327496,pgaD
b2874,244.1590214862647,1.7258355644736283,0.33636557262442657,5.130832953587176,2.884628237023422e-07,2.1290317203596567e-06,yqeA
b1742,41.11481370201964,1.7247184458895448,0.3638312638252334,4.740434969101541,2.1325989398282498e-06,1.3283506426718083e-05,ves
b2695,23.792942654091462,1.724262423259644,0.5263676557731327,3.275775789694058,0.0010537217751152843,0.00355069689958929,serV
b1986,18.842226085966214,1.718451092248739,0.4537470997240609,3.787244245293882,0.00015232734676704038,0.0006409597979112621,asnU
b2379,682.1198534732297,1.7179844725867965,0.29742720862771244,5.776151013598711,7.642878296990314e-09,7.777196207655241e-08,alaC
b1422,796.7125198982868,1.7110082011935464,0.37553278285155706,4.556215274206525,5.208355786587979e-06,3.019964829148545e-05,ydcI
b1532,36.497526111922305,1.7106323932089744,0.3859295926368736,4.432498636658142,9.314729170115627e-06,5.105713549112713e-05,marB
b4340,152.99637865570458,1.7059168872007926,0.2941825988492452,5.7988368240468064,6.677646874601629e-09,6.914812670399822e-08,yjiR
b0583,23.976699333412395,1.70448190771085,0.6236623929381799,2.733020183693849,0.006275648645689904,0.016730993244118805,entD
b3646,110.94795029847042,1.6981627828373929,0.2669379598247683,6.361638426966901,1.996128949749813e-10,2.6643136728641173e-09,yicG
b2734,9.666191598005735,1.697825001131624,0.7188313419651302,2.3619240036058193,0.018180368676466458,0.041894336114884315,pphB
b4613,882.8442898413696,1.693325650590315,0.1914806343998001,8.843325884615322,9.291073692966664e-19,3.26458153434068e-17,dinQ
b3715,100.81215089718417,1.689672597195996,0.29900871998136186,5.650914118161231,1.5959681948194383e-08,1.5152483253816884e-07,yieH
b2698,131.74940082635464,1.679715298385678,0.2370758142515048,7.085139847305264,1.3890395917948036e-12,2.5379296719415278e-11,recX
b0460,435.9763266751384,1.6747542223729543,0.243060749288323,6.890270137307653,5.568653938957283e-12,9.343974017572812e-11,hha
b0461,907.5129762467981,1.6738886875441064,0.27396655561972505,6.109828565598793,9.973821876099054e-10,1.1714966209326632e-08,tomB
b1707,211.32049644013242,1.6690901028446514,0.24411003674064907,6.837449721979069,8.06153670415328e-12,1.3256390956309651e-10,rflP
b0523,155.8084925413747,1.667103067972759,0.23508106636185178,7.091609263872606,1.3256135425271157e-12,2.4328559255932916e-11,purE
b1282,36.533719017377585,1.665217323805012,0.36121420022635375,4.610054983335397,4.0256248773011215e-06,2.3743678436994134e-05,yciH
b2868,67.75815444278932,1.6644649673016085,0.40779815196719477,4.081590265361247,4.472859958980711e-05,0.00021632855636905533,xdhC
b2420,50.761023971172584,1.6630914900849434,0.301391048259725,5.518052044637263,3.42777928560432e-08,3.103876793638625e-07,yfeS
b3696,26.050496141775344,1.6617819854436366,0.3932501207461578,4.225763446151142,2.381320467656517e-05,0.0001229850306851249,yidX
b3816,501.4484420054082,1.6617125276755367,0.18677254447732286,8.896985005616255,5.738425003942153e-19,2.0693565957198414e-17,corA
b3002,402.2962006221017,1.6518305927151653,0.18218720555020845,9.066666277286645,1.2271406416392343e-19,4.804547788360849e-18,yqhA
b0023,2610.8601284703623,1.6446818933294751,0.21274064066902051,7.730924792542355,1.067680891852289e-14,2.46586300359818e-13,rpsT
b4131,11.576029098030803,1.6408023818613526,0.5743151042305084,2.856972365474819,0.004277030735221989,0.01196928070285745,cadA
b2321,488.24456734759514,1.6393550896271534,0.1683528296453083,9.737615299255763,2.0838705317765873e-22,1.1272094415965198e-20,flk
b2454,37.5618942790252,1.630824543598631,0.589401940061787,2.7669141086092655,0.005658966245517214,0.01530526989165873,eutJ
b1305,27.358451234222553,1.6280948839944251,0.42539425812247156,3.827261071130148,0.00012957706036102477,0.0005577919320881391,pspB
b2518,830.934585056319,1.62690077854835,0.3353117081544114,4.851905671600231,1.2228078287483252e-06,7.979306323784707e-06,ndk
b3862,38.437704147087736,1.6242533754478936,0.426966484019174,3.804170669693485,0.00014228006230625713,0.0006048741842202927,yihG
b4044,724.1079204606107,1.6192188831545233,0.1726800617173993,9.37698809608064,6.788416559839107e-21,3.0007720943546848e-19,dinF
b2455,98.93040446772132,1.6169246396435297,0.4677028714446904,3.4571620966298555,0.0005458963769723948,0.001996601428588537,eutE
b4537,48.91350611835512,1.6151463121502274,0.3077045763214266,5.249016220230192,1.529136127666431e-07,1.2112290213558185e-06,yecJ
b0594,278.6498555948112,1.6126762547852815,0.522505621678837,3.086428524163379,0.002025766431315655,0.006238146666021466,entE
b1520,34.61828920769734,1.6113071244283408,0.36285725164027566,4.440608854155506,8.97047146266168e-06,4.943379113002971e-05,yneE
b0875,268.17968122698096,1.6070558182879513,0.3119311510929184,5.15195681052464,2.5778241115258127e-07,1.923309423318079e-06,aqpZ
b1924,17.69746615929779,1.5974912211039716,0.6339641619210046,2.5198446805941495,0.011740662824513307,0.028901715491960602,fliD
b3186,2338.630038854227,1.5972682569310914,0.14976980634855763,10.664821540957236,1.4868420647085927e-26,1.3287842886993531e-24,rplU
b3065,4304.314355329367,1.5957063745245468,0.16875993784344195,9.455480932950321,3.2154040713608987e-21,1.5370379229493786e-19,rpsU
b2350,76.9731350495174,1.5915121623179977,0.25842796249025674,6.158436366490338,7.346669255444791e-10,8.935549499743649e-09,yfdG
b2972,23.971899874789752,1.5898909042332958,0.42010961157889104,3.78446686391686,0.00015403842822900237,0.0006461754882137027,pppA
b1557,2888.257869293691,1.5890407623411043,0.2692886445608409,5.900882916665612,3.6156143030458294e-09,3.9012573227877703e-08,cspB
b3175,2133.4319867697254,1.5871169704830648,0.13951905224617686,11.375628954837278,5.53027385805959e-30,6.315265508467493e-28,secG
b0990,703.6386534642929,1.5796243067808398,0.2765176172708792,5.712562990998961,1.112872020726345e-08,1.0997636724052894e-07,cspG
b0629,8.319314356012844,1.5771511337964599,0.6803210362503676,2.3182454308469254,0.020435986254790855,0.046364425769009496,ybeF
b1295,234.0596298250848,1.5756052229786262,0.22643697318259265,6.958250681562064,3.445237807881116e-12,5.950996902604735e-11,ymjA
b0295,14.326552009686635,1.5612639236510142,0.5762867236878512,2.709179058750417,0.006744992679935079,0.0178204787321421,ykgL
b1086,467.6777766150879,1.5602290076545031,0.25450891846689633,6.130351018946475,8.768539360559538e-10,1.050946510532369e-08,rluC
b3704,107.91790478300946,1.5575089440043965,0.27114041478718975,5.744289154484181,9.230793403878103e-09,9.255558947156801e-08,rnpA
b1243,65009.904990065996,1.5552398045130027,0.27952551484296234,5.563856327701383,2.638772256587434e-08,2.421426952417621e-07,oppA
b0632,1255.1494824958058,1.5519326446833301,0.17374189549371227,8.932403092951722,4.1685347038187238e-19,1.5438600150809707e-17,dacA
b0774,148.4270080982612,1.5518010358880812,0.2524161452371272,6.147788345433583,7.857078035084916e-10,9.500131706539438e-09,bioA
b0931,2207.3670550501447,1.5506924296600697,0.166757994957063,9.299058975009526,1.4169415460876625e-20,5.825046695966381e-19,pncB
b3962,3797.473258639255,1.5450782442794593,0.26596572774919647,5.80931331775369,6.272959723047894e-09,6.561867028358751e-08,sthA
b4680,89.91430767632858,1.5441628845178301,0.28855200380771484,5.351419723797269,8.726684922232103e-08,7.262227067873721e-07,ypdK
b3742,1081.3206486599472,1.5425583149853705,0.2811547967942811,5.486508971476127,4.0995461208097574e-08,3.6717285626686086e-07,mioC
b4499,28.176062845480118,1.5418862815489538,0.4234142812084161,3.6415547372385277,0.00027099648945984653,0.0010701888262914785,yehH
b2027,4004.3918694251074,1.5417560564249928,0.1565781353229538,9.84656033388703,7.092994696142361e-23,3.994424821348115e-21,wzzB
b0142,25.564691297446874,1.5405591134937637,0.5357369169961942,2.875588865765448,0.004032746087263676,0.011370795037545248,folK
b4043,6021.224893144924,1.5397040740543162,0.1350290508657851,11.40276158487359,4.0506266273719146e-30,4.757750304321697e-28,lexA
b4342,42.80939340002937,1.5349451189593881,0.333340359507991,4.6047382957916065,4.129848790885532e-06,2.428871012779746e-05,yjiT
b0843,412.7247332047088,1.5316193748399423,0.2834056512289414,5.404336039871929,6.504889378989467e-08,5.594477037034665e-07,ybjH
b0781,1467.4319592188403,1.5274110160546968,0.2930289192247402,5.212492405513191,1.8632019823618166e-07,1.442490272973527e-06,moaA
b2684,586.3937582427242,1.5211517038961484,0.1471627724840982,10.336525183775791,4.816877166519529e-25,3.4740670230810146e-23,mprA
b2060,10.113560913648005,1.5089729511328909,0.6342760257901473,2.379047748577747,0.017357427427921488,0.040294998480140155,wzc
b1786,162.55758568626968,1.5088544728619697,0.3014533118909922,5.005267526825457,5.578450048268592e-07,3.94037940694711e-06,dgcJ
b3261,559.7151540259688,1.506638686611388,0.1802040554821483,8.360736846794445,6.232773373015304e-17,1.779370231699022e-15,fis
b3645,579.2618916663934,1.4980370706577126,0.1682279407319465,8.90480537382715,5.347979347531227e-19,1.9456232829823783e-17,dinD
b0474,2174.0717144506975,1.4972251470982127,0.17187147039790093,8.71130702281173,3.003908343279279e-18,1.0039892031887085e-16,adk
b0231,792.5153872666784,1.4952001713334466,0.15775458991168048,9.478013743819057,2.5916915603242577e-21,1.283667952348557e-19,dinB
b0121,1020.0504181075834,1.4899560927812914,0.25746986844601444,5.7869144136130295,7.169108172251216e-09,7.368050924031187e-08,speE
b1015,1259.1355518095631,1.4898079979925865,0.486876380898237,3.0599307266539473,0.0022138819176375497,0.006726732123730944,putP
b2523,2766.125503587271,1.4889807290856034,0.45141790872887544,3.2984529419276876,0.0009721917393443434,0.0032975909574625376,pepB
b4598,119.33202729435997,1.483664524970736,0.28484569467911114,5.208660522821442,1.902087543369391e-07,1.4698274230811216e-06,yncL
b3055,614.3823261916255,1.4816173439563378,0.19822255597899563,7.474514374203384,7.748947669148881e-14,1.6008001943653793e-12,ygiM
b2605,130.1703107030215,1.4778896928849983,0.24139768425762892,6.122219844113075,9.228057784937118e-10,1.0904626065559687e-08,yfiB
b1848,1464.332446344958,1.4735503808317123,0.18988080175372796,7.760396876472436,8.46640220663777e-15,1.9888788269421642e-13,yebG
b1481,60.64991095136,1.4729458461789164,0.38969856186539764,3.779705624594205,0.000157013881268612,0.0006559797417634795,bdm
b1782,1107.8037689782848,1.4687978330120364,0.21920597442602238,6.700537413991544,2.0765442298830967e-11,3.173484508940301e-10,mipA
b1113,590.1161251741963,1.4575329470380545,0.21395173756247324,6.81243799953931,9.595841711804337e-12,1.5530907589459696e-10,ldtC
b1652,231.93215644640748,1.4554886141800223,0.18573915781669362,7.836196908012512,4.643974257895441e-15,1.1500830225426602e-13,rnt
b4158,11.764993503251759,1.4532972191407998,0.5600066462467422,2.5951428056810393,0.009455162464443993,0.023861370712909304,yjeO
b1825,289.4836779297362,1.4478003068490888,0.24427630401384612,5.926896236185987,3.0871390810528034e-09,3.375326798459594e-08,yebO
b2462,16.589913990079577,1.4463207170032353,0.5803196300030766,2.4922829458579017,0.01269248813261893,0.030802136194330827,eutS
b0336,125.5328115017993,1.4440120143908748,0.25888495890381197,5.57781348327538,2.4356059868823507e-08,2.2653339846319785e-07,codB
b1601,217.99246004766576,1.443580036712926,0.2602396375954155,5.547118225537971,2.904163789933705e-08,2.647232226256643e-07,tqsA
b3738,2413.6638759911375,1.4417963951419093,0.2060033928141695,6.998896355277594,2.579866141199128e-12,4.5324058574656474e-11,atpB
b2561,89.08673467598419,1.4316785760977175,0.24154856625404864,5.9270837260609115,3.0836177502727316e-09,3.375326798459594e-08,yfhH
b0946,348.5024613897462,1.4311568010553428,0.28069505190197924,5.098617846513066,3.421424993636958e-07,2.4850668107493877e-06,zapC
b0120,825.9384610947128,1.428031216628053,0.29037083726382673,4.917956741401564,8.745223128410572e-07,5.913086122397534e-06,speD
b2457,112.97467966190617,1.4249632209739491,0.43578006830417215,3.269913712481527,0.0010758029507223618,0.003604422111181442,eutM
b0720,8196.927750723586,1.4240780060218023,0.41988880486199437,3.3915598356804413,0.0006949598669581078,0.002437696256881213,gltA
b1655,121.25937488151898,1.4239610010791797,0.3053733404490743,4.6630167485646865,3.1160738178396103e-06,1.8838499213439174e-05,mepH
b2234,1000.822745181293,1.4219854888819798,0.21236941349503766,6.695811159808128,2.1447854695523447e-11,3.253584156948225e-10,nrdA
b4642,31.067449093296162,1.4215993393808446,0.37927910656652974,3.7481614852187497,0.00017813555403488581,0.000733892920454347,yoeD
b0217,11.328858323998766,1.4167148735892494,0.5899396357456647,2.4014573487651285,0.016329912608249796,0.03838260222081904,yafT
b0034,98.34310783752873,1.4147077731777635,0.3281950218070664,4.310570481502968,1.6283391732208452e-05,8.637551407885026e-05,caiF
b3714,520.5154648776211,1.412969733780876,0.18783711271411127,7.522313952575606,5.3815166248491965e-14,1.1230159819672612e-12,adeP
b0434,581.448995440314,1.4091504832503017,0.27500462862975944,5.124097329821493,2.989665286287708e-07,2.190822458454326e-06,yajG
b0874,61.44686856157321,1.4068048651496785,0.36497756319574726,3.8544968431255904,0.00011596787983983026,0.0005023645458604237,lysO
b2883,83.83198455323601,1.4044785223731229,0.3482079719934021,4.033447351399913,5.496449979031344e-05,0.00026002193168927335,guaD
b4296,10.248908681505947,1.4028408356506619,0.5891703723546189,2.3810444337929106,0.017263629438948408,0.04014184424407065,yjhF
b1777,749.5990032996261,1.400038938876532,0.3626995645654795,3.8600513363003435,0.00011336320655970507,0.0004921184183389097,yeaC
b2867,60.29298246169793,1.381684085157378,0.47882232556184007,2.8855882681245886,0.003906828904533248,0.011061276602297648,xdhB
b0393,475.75945387041196,1.3809106623154848,0.20635210745156943,6.692011433125695,2.2012366352463535e-11,3.3147559734424025e-10,rdgC
b2106,27.801415003718546,1.3797316893279001,0.4064729316070495,3.3943999268854914,0.0006877917184897887,0.0024166767134286508,rcnA
b0383,429.7480580051254,1.3762372898741109,0.22250325641264987,6.185245609717146,6.200585226858399e-10,7.631917924435592e-09,phoA
b0689,11.274504507953898,1.3757608354022546,0.5676316017776786,2.4236861215861123,0.015363878153062878,0.036383008690807316,ybfP
b3188,82.34973421968466,1.37446658937611,0.24547397482464162,5.599235480494349,2.1529917841955675e-08,2.0207646632027347e-07,sfsB
b1253,69.39850136970408,1.3727835628454892,0.2575282563698837,5.330613355583716,9.78816138843765e-08,7.95239752329391e-07,yciA
b1914,526.9778729398694,1.3721041830374021,0.2118908375684755,6.475523900810423,9.448352932250376e-11,1.3302116063178525e-09,uvrY
b0596,251.18274865401006,1.3705769817033997,0.5401458179309079,2.537420333926783,0.011167278174683264,0.02768919214482684,entA
b4207,785.8822998063741,1.3693285322030335,0.2314290978532145,5.9168382234784485,3.2818920521616868e-09,3.5598570518302625e-08,fklB
b2944,20.027404503427878,1.3656383767049864,0.4216101006179088,3.239102608555906,0.001199064281682351,0.0039625026221833965,yggI
b0815,169.44654348264058,1.3650504258867868,0.23354542038960877,5.844903417971379,5.0686225820960464e-09,5.3842654870792886e-08,opgE
b0431,9371.224731908436,1.3641144255320128,0.24058838192073323,5.669909804628255,1.4287271483905932e-08,1.3659296062869138e-07,cyoB
b1749,441.3036504191814,1.3601770134470914,0.2221723205181996,6.122171341031973,9.230868087605864e-10,1.0904626065559687e-08,xthA
b4645,17.512363808594998,1.3580771704639687,0.4635778587214811,2.929555725999212,0.0033944694194066594,0.009785879230842058,psaA
b0822,129.3161750627872,1.3579548120267266,0.2488009868520184,5.457996084374093,4.815382750420258e-08,4.2572125778446626e-07,ybiV
b3743,69.25447803494109,1.3568349812561094,0.3554379921193864,3.8173605842348115,0.00013488696255863953,0.0005794360533736333,asnC
b1804,683.3533319243643,1.3563923436168674,0.18852989729522987,7.194574245658313,6.265596559752968e-13,1.1924938637566876e-11,rnd
b1184,55.24274447549315,1.353960145911458,0.3056713216431433,4.429464100960515,9.446753581404173e-06,5.171185615599541e-05,umuC
b3637,3743.730849919088,1.352354638982576,0.15685407746649832,8.62173722752868,6.5945897095431756e-18,2.0694929996894653e-16,rpmB
b0211,5602.625681319366,1.3517271751299147,0.1773480226261202,7.621890309877238,2.4998743185588038e-14,5.585317023693066e-13,mltD
b0841,104.01233635604389,1.3509129215565805,0.23802885793335893,5.675416557830968,1.3835157063899929e-08,1.3338887190729533e-07,ybjG
b1183,36.28555800441896,1.350399312031277,0.38204130355748767,3.534694545999725,0.00040824678645214166,0.001538315801195925,umuD
b2330,686.1931785412813,1.3494668627930095,0.16533934197753428,8.161801339310824,3.3006474683228507e-16,8.698052398894384e-15,prmB
b2349,27.911057319905847,1.3485237496157227,0.3640017854491051,3.704717403932278,0.0002116265349428452,0.0008588318708292563,intS
b3673,1358.8921265969554,1.3453828229101132,0.20616124490474164,6.525876497941006,6.760500959451979e-11,9.61675413297823e-10,emrD
b4226,2999.006979858176,1.3382002177287236,0.16631557714133646,8.046150822009347,8.543868974296483e-16,2.168138602057583e-14,ppa
b0910,1797.9419432241202,1.3305439308032827,0.16151241674452532,8.23802873873091,1.750711388123129e-16,4.673489945827392e-15,cmk
b4058,8818.590563571202,1.328773078398763,0.1254903511235587,10.588647386048379,3.364177439999277e-26,2.822476215476944e-24,uvrA
b3503,366.19451505947274,1.3194664724105554,0.3199287855685917,4.124250558028221,3.719438325968472e-05,0.00018356075579899626,arsC
b1809,533.716861578617,1.318022652860435,0.19354637024439275,6.809854667882202,9.769739047683694e-12,1.5750351852952026e-10,yoaB
b4087,14.268244158243704,1.3140890250725907,0.5657878363331381,2.3225826726661016,0.020201582448128492,0.04595943854137036,alsA
b3702,2112.63013217668,1.3127416551137236,0.18079185609431234,7.2610663083679805,3.840506080836852e-13,7.41235704146493e-12,dnaA
b1213,20.634011089320435,1.3102479255326438,0.42127593942112607,3.1101893151862683,0.0018696746911838094,0.005822903526861091,ychQ
b2102,115.19502076776821,1.3101884450549826,0.328452705044553,3.9889713950666406,6.63604224372301e-05,0.00030895548883290257,yegX
b4049,526.1108864226705,1.309669836923412,0.21642991594163416,6.051242182603804,1.4373317372748987e-09,1.6597951606564914e-08,dusA
b1445,85.33199987376189,1.3094398469526691,0.2510849547735025,5.2151266814607915,1.8369165402830246e-07,1.4302204350574837e-06,ortT
b3527,610.8881608264516,1.3046681810205134,0.1676085382159476,7.7840198053608285,7.025575251785595e-15,1.6598930954075047e-13,yhjJ
b1843,201.75287169455416,1.302072789777696,0.22769085802145791,5.718599337242547,1.0740571922700907e-08,1.064245222435873e-07,yobB
b2603,132.9290093962442,1.3020559498657847,0.29425569516630307,4.424913336443354,9.648100729680153e-06,5.253422794664253e-05,yfiR
b3220,42.478064616575125,1.3009341906631255,0.42723076626027845,3.0450386381362984,0.002326504192181719,0.0070377179794400635,yhcG
b0805,74.09492770029071,1.3005677822166655,0.4319500592453849,3.010921643323195,0.0026045605490442885,0.007759267587247095,fiu
b3615,33.936866809843416,1.2998560945507294,0.3969595326059128,3.2745304943745484,0.0010583771535748103,0.0035605470362897263,waaH
b2151,466.2089785269973,1.2995732752455236,0.25472617210382115,5.101844323699271,3.3635938484611277e-07,2.451725941670868e-06,galS
b0406,1349.7790886944779,1.298806106282725,0.1747928853490156,7.430543318106738,1.0815250900679778e-13,2.2010641808264634e-12,tgt
b1060,4698.668692690528,1.2982871250698373,0.29998783880303614,4.32779918762726,1.5060668647595083e-05,8.020001141225828e-05,bssS
b3775,193.86685503853775,1.2958241467358051,0.18817801462989298,6.886161219653751,5.731803032977085e-12,9.5786350685239e-11,ppiC
b2313,776.4515330164472,1.2936560291567798,0.17141417695106942,7.5469605383110006,4.455335078709492e-14,9.34483801457894e-13,cvpA
b1584,175.10074999864082,1.2923039532436646,0.23642798368796075,5.465951758693912,4.604295555561989e-08,4.088176896094025e-07,speG
b3470,158.30212973047495,1.291137311011193,0.2369107743064071,5.449888527827395,5.0401400865530404e-08,4.445278628351101e-07,tusA
b3501,449.08409933834486,1.2905159217094795,0.21106468089974026,6.114314892516286,9.697265700945004e-10,1.1422767706757853e-08,arsR
b2351,165.45624571544718,1.2878527388741654,0.21654325265823113,5.947323331781551,2.725626875981708e-09,3.0202296730891644e-08,yfdH
b3363,666.2003446650725,1.2870814358372906,0.15034344535971939,8.560941468101612,1.1194953396476811e-17,3.4603348430764034e-16,ppiA
b3654,277.4801025211443,1.2861448671583056,0.29649750246635254,4.337793257817615,1.4392043521758768e-05,7.683855963370168e-05,xanP
b2843,23.47841878499645,1.2853793458781102,0.421048045536169,3.0528091972052462,0.0022671003810907134,0.006878265436652342,kduI
b3977,50.41937948165298,1.2835450933316348,0.34149030670175873,3.7586574732635727,0.00017082750947093153,0.000706510957178068,tyrU
b0844,2258.8288301151665,1.281938885681834,0.27678997570414676,4.631449829137105,3.6311399393160453e-06,2.1571699841803846e-05,ybjI
b2956,15.560613211884847,1.280310328169243,0.4789179738749615,2.6733394819370746,0.007510020767272852,0.019527954063414732,yggM
b2107,169.3098153851533,1.2733889854158225,0.22971863476911059,5.543255063724811,2.968998842974407e-08,2.700343859174289e-07,rcnB
b2551,9577.60646822159,1.2725572557696296,0.24951790587207956,5.100063866446652,3.395388925821584e-07,2.4705210396553156e-06,glyA
b3783,5959.365037192131,1.2710031405065665,0.17189910091320676,7.393890565770359,1.425937827615127e-13,2.8595270289394084e-12,rho
b3397,616.5849952623935,1.2692357152112572,0.23426504172326465,5.417947577131866,6.028708574775478e-08,5.206727090525628e-07,nudE
b2014,300.66847898653896,1.2685450990495342,0.28478668293889214,4.454369445785256,8.41401088493678e-06,4.6617248986489356e-05,plaP
b1057,12.458400911609067,1.2626936150179016,0.5454629341196928,2.3149026928029985,0.020618257969574123,0.04670063829912905,yceJ
b4523,102.74822556283131,1.2618771049848363,0.2307601881893707,5.468348396168282,4.542483524465339e-08,4.042023759540478e-07,yciX
b4469,1236.2624755998277,1.2582124273069484,0.16664402425014507,7.5503003061080545,4.3425576043231767e-14,9.155002210960296e-13,ygiQ
b0118,29718.66834487782,1.257684355443678,0.4087348155852061,3.0770179282207426,0.002090827252355191,0.006400142095630819,acnB
b1731,40.77905353276141,1.2573824553089425,0.32134715067032216,3.9128476872630555,9.12140707837606e-05,0.0004080316049967789,cedA
b2975,102.4103857822269,1.2521385364614324,0.3993632662076234,3.135337279143903,0.001716566293280779,0.0054199723745601254,glcA
b4307,52.56354014011013,1.2510495687673617,0.318557845938443,3.9272288682197782,8.593020413050286e-05,0.0003869212148745863,yjhQ
b0038,75.23668016506983,1.2501965043168726,0.2680528513854004,4.66399255913666,3.1013259959590054e-06,1.8804647742459396e-05,caiB
b3871,4344.1639446149675,1.2360412536520615,0.15083017736701515,8.194920109683368,2.5075965678305256e-16,6.650793219581478e-15,bipA
b0737,448.1566255089919,1.2343975327242247,0.18374201783806235,6.718101538495883,1.841073905473074e-11,2.8453589569172203e-10,tolQ
b4573,49.963819929760795,1.2331672662203412,0.297992769768497,4.138245592932867,3.4997164565715524e-05,0.0001737600767266383,insZ
b1269,819.0530253386827,1.232410004883979,0.1690700428065708,7.289345790809028,3.114637076528126e-13,6.039751425286379e-12,rluB
b4566,46.82107142709592,1.2305088550862384,0.3207766746819617,3.8360297122795566,0.0001250392871716159,0.0005405220920741461,topAI
b0318,29.75237877618657,1.2273125599177277,0.36540860336720604,3.3587401845718947,0.0007829864542407307,0.0027094758530165353,yahD
b0766,131.73044850778678,1.2228648511059699,0.2072079492709034,5.9016309722133204,3.599255266007659e-09,3.893825894357234e-08,ybhA
b1204,332.94742174003056,1.2226541071053667,0.15834599292580448,7.721408571912905,1.150511145914614e-14,2.6423191736619986e-13,pth
b4538,21.7459275096349,1.2223135035414827,0.50686281906094,2.411527256637312,0.0158858644033825,0.037425093731980205,yoeF
b4306,91.02028013448042,1.2182299902996818,0.23109131003806285,5.271639120047518,1.3521073978222144e-07,1.0772313008618457e-06,yjhP
b0684,1215.717809338923,1.211309668231465,0.17351660686518136,6.980943727032574,2.9320374760458954e-12,5.085909731655982e-11,fldA
b0940,20.82346278407932,1.2106579987454602,0.467271624744822,2.590908445182399,0.009572295409024986,0.02409779940385898,elfC
b1088,3190.3701974136043,1.2091037791402832,0.12499631528799192,9.673115374277268,3.922518814495138e-22,2.015684355798689e-20,yceD
b0961,155.32986498087206,1.2081874881644825,0.20238455251291496,5.969761393164547,2.3760081081471485e-09,2.6834531133497052e-08,yccF
b3664,33.2570324268415,1.2001011357218618,0.3894071425684544,3.0818672914066916,0.002057065241229388,0.006310891945294039,adeQ
b2399,168.0086761321069,1.1977111660925936,0.25255892544208813,4.742303856401342,2.1130137510842954e-06,1.3201519043628478e-05,yfeD
b3703,843.7002552173734,1.195887471418886,0.15755407993072756,7.5903300755187475,3.190915914685606e-14,6.832216315246108e-13,rpmH
b3096,231.0089893599852,1.1954312707834878,0.2274157146414811,5.25659043689252,1.4675062738739183e-07,1.1646560409065015e-06,mzrA
b1268,68.93571813493159,1.1939487138730458,0.3024073425372689,3.948147236953754,7.875836278053484e-05,0.000359351419967568,yciQ
b1332,2177.441106037762,1.191677203044189,0.2160930211621505,5.514649185037705,3.494763546148237e-08,3.150651960134957e-07,ynaJ
b0859,178.94808416212058,1.1905532990065388,0.21887585344324836,5.43939991678997,5.3460330773540414e-08,4.6562588942801833e-07,rlmC
b2700,171.87592045262105,1.1897835550272995,0.2077486177305506,5.727034759723146,1.0220123425659048e-08,1.0197797913321444e-07,pncC
b3185,1704.9334256280863,1.1836502833395657,0.19331851228772473,6.122798429039663,9.194598441127799e-10,1.0904626065559687e-08,rpmA
b0597,152.08429331904713,1.1835124253169842,0.4666765174888668,2.536044521128532,0.011211247987804039,0.02773634406634885,entH
b1860,900.8726242451227,1.180262026386108,0.15096584070941135,7.818073418727563,5.363790581307154e-15,1.30476586270732e-13,ruvB
b2152,277.9004766780409,1.178468225276438,0.25284215463109744,4.660885076682923,3.148524990109728e-06,1.8978865446247934e-05,yeiB
b4232,3481.3183546351333,1.171668446946666,0.15200123726035322,7.7082823012801525,1.2752242064648574e-14,2.8804652268005654e-13,fbp
b0853,404.071144105074,1.1692161576480586,0.18706931035988708,6.25017623360401,4.099897974668839e-10,5.234372849025961e-09,ybjN
b3088,234.74631516659088,1.1648941050678436,0.36685777015424803,3.1753289689845072,0.001496667205666769,0.00481439662167143,alx
b1207,3363.2208641782377,1.16410667423233,0.19298653721578146,6.032061567749273,1.618810757119835e-09,1.8485919506999004e-08,prs
b3741,1512.3615440313251,1.1623734226471656,0.19638812394650537,5.918756181834025,3.2438543018205363e-09,3.5279060938582605e-08,mnmG
b4360,216.72295010341716,1.1609314519703213,0.20473487481364927,5.670413763297567,1.4245306042068804e-08,1.3650921477609524e-07,yjjA
b1498,75.92793017444876,1.1590223438034841,0.29982505185881037,3.8656621140159944,0.00011078822985355947,0.00048400681501379705,ydeN
b3539,82.32782876186972,1.1585045655222654,0.274500547535832,4.220408942430398,2.438595439939491e-05,0.00012547016087097933,yhjV
b2042,2753.236595271453,1.15272499794997,0.16217708269598313,7.107816830759413,1.1789287517490823e-12,2.173385382672774e-11,galF
b0114,21879.034853466088,1.1496410304664533,0.16536389191474984,6.952189000601948,3.5966109490548792e-12,6.186471804001929e-11,aceE
b1133,1881.2805639957849,1.1488987517570586,0.17512304684117966,6.560522857959427,5.3619434347148795e-11,7.680470195161279e-10,mnmA
b0398,125.72409734431865,1.1481199639507038,0.21327180110796895,5.38336506742149,7.31060547376897e-08,6.183929856515275e-07,sbcD
b1643,31.76625326430042,1.1428217121434308,0.3897242059113767,2.9323857610304773,0.0033636864744986832,0.00970394041871164,ydhI
b0584,264.5177238670401,1.1390898165131644,0.341490011906829,3.335646071030476,0.0008510143262215723,0.002937464227621229,fepA
b2575,211.0676998196631,1.138700489815964,0.20486169395745538,5.5583865769090215,2.722798052785939e-08,2.492967214922716e-07,yfiC
b1728,86.33729992021374,1.136606825997519,0.2549761445211478,4.457698692291774,8.28442367302875e-06,4.596122229395573e-05,ydjM
b2965,461.58122761893014,1.1362733649780246,0.17739268626962348,6.405412696952877,1.4996317737368922e-10,2.0279559940238038e-09,speC
b1421,118.62788728803982,1.1349999574597556,0.2590233227683207,4.381844635955575,1.176787153718927e-05,6.357124821206976e-05,trg
b0436,6883.520434121668,1.1339519475328623,0.1524069987505997,7.440287892477118,1.0046610866090977e-13,2.05480682937811e-12,tig
b0240,2141.5285073112414,1.1331177573501763,0.18712410703297244,6.055434413645665,1.4003922398492856e-09,1.6216936614142008e-08,crl
b4347,23.057155669650584,1.1310885281677023,0.4408884282543175,2.565475652527802,0.010303445222304253,0.025733574306739233,symE
b4440,215.28159402135782,1.1237373402903041,0.21273961309011344,5.282219535739709,1.2762812899286068e-07,1.0227665463735872e-06,ryfA
b3737,1513.537787297051,1.1209312485006435,0.22117031883457516,5.068181184560513,4.0163500665666587e-07,2.871515673679223e-06,atpE
b1232,414.38265928827326,1.118922575568026,0.22700644628064226,4.929034368410537,8.263703797988605e-07,5.624517601578007e-06,purU
b4606,347.5000561447101,1.117750248015993,0.2807174165172007,3.9817630907397006,6.840594616352004e-05,0.0003163294090868739,ypfM
b1789,65.51394175193128,1.1177443482546303,0.2810960980569983,3.9763780286554655,6.997286227723804e-05,0.0003224870367956565,yeaL
b3251,2912.1973162567483,1.1160203086222564,0.14650161631293088,7.617802019592815,2.5803165061898147e-14,5.733881706457475e-13,mreB
b0143,913.0193450002139,1.1156223850135814,0.1940111843410523,5.750299338683632,8.908557946448342e-09,8.976245519080671e-08,pcnB
b2992,92.76734184723487,1.1151873567510624,0.43887081246219656,2.54103787511985,0.011052394597779668,0.027454014617203752,hybE
b2503,45.622161799010335,1.113076749428269,0.34802378575899,3.198277804492035,0.001382510272894914,0.004489336281098729,pdeF
b2994,541.9730682489082,1.1107115509384797,0.31955520719612235,3.4758048873126226,0.0005093226893089576,0.0018761877918898966,hybC
b3754,374.35616304145464,1.110606124287736,0.15521200381707234,7.155413866034866,8.342085548364437e-13,1.573133655473679e-11,hsrA
b2681,83.54182250260841,1.1097486944498078,0.26749074529987454,4.148736784166896,3.3431493646405476e-05,0.00016659014591560354,ygaY
b2993,161.1483689909122,1.1078797045258046,0.4399070231614396,2.5184405935688567,0.011787576622860703,0.028965168856294292,hybD
b2713,22.40163427878907,1.1074846024448135,0.4412657394439027,2.5097905943037895,0.0120802774853712,0.029542503511239628,hydN
b0970,5227.543060115434,1.1056024235683577,0.18985310225724253,5.823462510874937,5.764074884582698e-09,6.060386662536949e-08,yccA
b4687,95.39966292362935,1.0976788629453174,0.30015529914803,3.65703642767928,0.00025514813187961906,0.0010193527406774673,shoB
b4150,87.35729743775369,1.096725773537427,0.28621262636082406,3.831856712550483,0.00012717980703167727,0.0005480463173031711,ampC
b3190,181.20650827588318,1.0957780479083008,0.2127075930754017,5.151569965440132,2.5831481945256886e-07,1.9237902586404176e-06,ibaG
b4088,80.68770406025166,1.0916613732644933,0.27892117991399845,3.913870483414319,9.08283667338411e-05,0.0004067488187830292,alsB
b1247,8698.097237175334,1.0861091667673424,0.2597779293741758,4.18091394208838,2.903397420282376e-05,0.0001459152419899859,oppF
b2153,1676.5602044251361,1.0851077074597022,0.1954715089480733,5.551232060872663,2.836632315312869e-08,2.59142121072249e-07,folE
b0969,268.0846304396662,1.0802365860030543,0.18759583019688697,5.758318747646556,8.495582156036017e-09,8.581164187583308e-08,tusE
b3918,20.810101675532106,1.079150697543599,0.4425018507803667,2.4387484383183504,0.014738224054347819,0.03506298558299994,cdh
b0884,1938.809043919516,1.074687236410849,0.157171941983018,6.837653227743193,8.050096729080709e-12,1.3256390956309651e-10,infA
b1524,169.98303317064014,1.0695789895457861,0.24996808660608386,4.278862170238952,1.878511361690691e-05,9.86278442900438e-05,glsB
b0746,24.16074280877216,1.067523025730669,0.4218275051338747,2.530709858267471,0.011383196665563285,0.028105898794072468,valZ
b4364,74.16899517250441,1.0658042141516215,0.2606991658346037,4.0882532582701225,4.346335075198371e-05,0.0002112031145879492,yjjP
b3972,200.81085997310763,1.0652542013497777,0.21715883608616476,4.905414951326704,9.323003143508934e-07,6.232010719181338e-06,murB
b4437,53.42434702178628,1.064768180889464,0.32159081026144265,3.3109409439400426,0.000929828296508255,0.003166962822655705,sibB
b2413,423.7821738271321,1.063950429429323,0.21619672809657464,4.921214297720817,8.600888987564308e-07,5.825083134740835e-06,cysZ
b3712,442.7982284747148,1.058869267973021,0.2118367533383241,4.998515372268299,5.777340173236335e-07,4.06487897162935e-06,yieE
b0463,1026.2106638479722,1.057504143723001,0.14717325277866194,7.185437052977363,6.699253507351707e-13,1.2691535100793949e-11,acrA
b1335,197.88319186162332,1.0574278439374265,0.26278192802953354,4.023974753007309,5.7224054467890376e-05,0.00027008965317737926,ogt
b0469,350.92952000613917,1.0571751632092519,0.20439308068464102,5.172264930241803,2.3127335651679122e-07,1.744522511267025e-06,apt
b1233,300.9341040881373,1.0560864680682358,0.21307078159830833,4.956505345999165,7.177239347452659e-07,4.957352138365361e-06,ychJ
b1501,70.29089283728169,1.0517002176957404,0.2890777321424634,3.638122555830212,0.0002746327407656059,0.0010835078668785085,ydeP
b1771,27.293912184556337,1.0510869922411514,0.36683883775925863,2.8652554856553576,0.004166729210190135,0.011692439442383375,ydjG
b0763,220.45168794326787,1.0496558705955752,0.23392388193602667,4.487168483646463,7.217599627918096e-06,4.075762647029024e-05,modA
b0174,2296.2585816378128,1.047226597282946,0.19440806140640288,5.386744714735658,7.17452233879477e-08,6.08133223397635e-07,ispU
b4595,165.64360736410023,1.046941921966391,0.21764777339628533,4.810257902616611,1.5073567640751905e-06,9.682411964239231e-06,yciY
b4637,22.059353585375646,1.046316970276301,0.41293467603478023,2.533855912328789,0.011281510949501127,0.02788832923235065,uof
b0818,291.1660009664549,1.0459014989124271,0.2310779231887787,4.526185299224712,6.005792443430783e-06,3.4482978680089314e-05,ybiR
b0929,5167.135749019013,1.0453008212121322,0.30339813476325034,3.4453106378778773,0.0005704034681293483,0.0020660164383081506,ompF
b2101,235.20992031354288,1.0451342433519524,0.2297125663522777,4.549747799818569,5.3710250088089774e-06,3.101163456631139e-05,yegW
b0039,235.71643564248075,1.0444194378606246,0.2548177249582734,4.098692263388071,4.154910223018095e-05,0.00020286028416659606,caiA
b3425,88.51584690028022,1.043876308958888,0.2926362421025741,3.567146370725302,0.000360889917624639,0.0013725892656322027,glpE
b0674,951.146595263404,1.0435322685461514,0.3455349853822423,3.0200480781758214,0.0025273456314236506,0.007567310918268484,asnB
b4064,260.7195354882636,1.0433786996027412,0.20586748810492386,5.068205325704297,4.015840820944171e-07,2.871515673679223e-06,ghxP
b3216,27.260999146602387,1.0418997231800262,0.3799073700011791,2.742509899654731,0.006097161199620318,0.016308021920389805,yhcD
b0723,6115.599383175286,1.0408648799372584,0.42960351717478973,2.422849996159992,0.015399283872736116,0.03642488837791609,sdhA
b1741,753.0669435303117,1.0370171553112784,0.1626415947823925,6.376088212236008,1.8166831341850713e-10,2.432879027453632e-09,cho
b0311,496.100518619915,1.031073264154021,0.35885157516125193,2.8732582926261436,0.0040626181693118575,0.011431501227954173,betA
b0060,1333.432197917947,1.0310125237982042,0.15991312353320514,6.447329031029275,1.138384730845044e-10,1.5864066537301613e-09,polB
b4371,551.6905128981252,1.0252632062861176,0.19581278927730217,5.235935865425937,1.64150950264761e-07,1.2927673496904836e-06,rsmC
b1439,233.94378089223892,1.0251576376554759,0.19803364649869207,5.1766841432283925,2.2586411741464154e-07,1.7079092807940946e-06,ydcR
b2517,1172.5517440971842,1.0245448062864508,0.1987316453386642,5.155418527031743,2.530650562493882e-07,1.8949917053574406e-06,rlmN
b1969,73.07024003655032,1.0241853021816378,0.3317722728574228,3.087012948251331,0.0020217878980930367,0.006233252306932563,hprR
b3662,106.51684638761942,1.0176698545980116,0.2674078723348876,3.8056839752403966,0.00014141285254310932,0.0006018110116748922,nepI
b3740,182.59216082696184,1.017645203810483,0.24110558727935477,4.220745007586232,2.4349624754861275e-05,0.00012544023479603346,rsmG
b0637,436.8931310455848,1.0166177369447178,0.19039765480432494,5.339444637537757,9.323173377845574e-08,7.665513151264631e-07,rsfS
b4542,152.41514913430876,1.011727871930187,0.3327526521027442,3.040480265256595,0.0023620117038737854,0.007139875084283186,yohO
b2753,141.30452691428874,1.0084477566811192,0.26272746239798905,3.8383796938345416,0.00012384886906338554,0.0005359396849679768,iap
b3642,38.42290915918371,1.007217176550597,0.3637881562974195,2.768691501124996,0.00562818991110823,0.015242087433837901,pyrE
b3493,1610.7617971343852,1.0062645862795292,0.15336217870673305,6.561360791592297,5.3318937939108525e-11,7.664131254114515e-10,pitA
b4108,180.78999870784887,1.0040696461620755,0.17925588409213747,5.601320432226281,2.1272508112241325e-08,2.0011734748151965e-07,yjdM
b4021,218.78768482348846,1.0019625476009963,0.23339248994864017,4.293036797462875,1.7624578283202136e-05,9.300980914280357e-05,pepE
b3641,253.71338445116388,1.0014843302438643,0.21092265580543412,4.748111701986556,2.053246330684275e-06,1.2886863611363442e-05,slmA
